scenario,policy,metric,mean,ci_low,ci_high,n
sc_high_workload,fixed,mean_gate_wait,263.6884933300997,234.97630356166593,295.0432171666608,50
sc_high_workload,fixed,mean_yard_wait,4.698826831280421,4.521543833099746,4.894267792679218,50
sc_high_workload,fixed,mean_total_wait,268.3873201613801,239.67371024821878,298.7567510543494,50
sc_high_workload,fixed,p95_total_wait,426.99459945708594,387.11690698021454,469.9662079331603,50
sc_high_workload,fixed,mean_turnaround,284.3852418978251,253.39954284012245,314.6041189883133,50
sc_high_workload,fixed,mean_gate_queue,192.2351865942029,170.48967912137684,215.08923870772946,50
sc_high_workload,fixed,mean_yard_queue,3.459996376811594,3.321702762681159,3.6129407759661833,50
sc_high_workload,fixed,p95_yard_queue,11.73593333333333,11.135012499999997,12.401314166666657,50
sc_high_workload,fixed,throughput_rate,0.9009508221805309,0.8998886507334222,0.9020337636353997,50
sc_high_workload,fixed,completion_rate,1.0,1.0,1.0,50
sc_high_workload,fixed,acceptance_rate,0.9167571231878786,0.9158070986020814,0.9176728062176024,50
sc_high_workload,fixed,gate_utilization,0.9998727355072464,0.9997607185990338,0.9999583786231885,50
sc_high_workload,fixed,yard_utilization,0.9619599640538016,0.9608914844983486,0.9630462429391499,50
sc_high_workload,fixed,yard_resource_hours_per_truck,0.18036062798068517,0.18013344380768787,0.1805974938993725,50
sc_high_workload,fixed,mean_composite_cost,3.2243793419535893,2.9017073464559653,3.5474911009855328,50
sc_high_workload,fixed,mean_quota,25.0,25.0,25.0,50
sc_high_workload,fixed,mean_yard_capacity,8.0,8.0,8.0,50
sc_high_workload,fixed,unstable,0.72,0.6,0.84,50
sc_high_workload,fixed,queue_tail_slope,0.16323025231550484,0.0962972167249874,0.2270405385817501,50
sc_high_workload,fixed,terminal_system,0.0,0.0,0.0,50
sc_high_workload,fixed,uncompleted_at_drain_limit,0.0,0.0,0.0,50
sc_high_workload,fixed,drain_truncated,0.0,0.0,0.0,50
sc_high_workload,fixed,drain_minutes,410.84,362.99899999999997,458.9515,50
sc_high_workload,fixed,first_queue_threshold_period,342.9,339.1395,347.561,50
sc_high_workload,fixed,mean_net_queue_drift,0.1869927536231884,0.1577486413043478,0.2177776268115942,50
sc_high_workload,fixed,tail_net_queue_drift,0.11027272727272729,0.04535681818181818,0.17163636363636361,50
sc_high_workload,fixed,service_floor_binding_rate,0.11420289855072463,0.10938315217391302,0.11905932971014492,50
sc_high_workload,fixed,projection_binding_rate,0.0,0.0,0.0,50
sc_high_workload,pto,mean_gate_wait,4.451543920263487,4.068464294044938,4.982751046930546,50
sc_high_workload,pto,mean_yard_wait,0.33954783636047187,0.3133409442962599,0.3642736845502406,50
sc_high_workload,pto,mean_total_wait,4.79109175662396,4.426297771949209,5.252831433663425,50
sc_high_workload,pto,p95_total_wait,13.909070736925663,12.134839809309556,16.567532548088607,50
sc_high_workload,pto,mean_turnaround,20.78755923126409,20.41128465812418,21.229361154562543,50
sc_high_workload,pto,mean_gate_queue,3.2452536231884053,2.9555199426328507,3.5686533212560385,50
sc_high_workload,pto,mean_yard_queue,0.15712318840579712,0.14043571859903387,0.17130433272946854,50
sc_high_workload,pto,p95_yard_queue,0.7223999999999989,0.651855833333333,0.7916666666666656,50
sc_high_workload,pto,throughput_rate,0.8137691843616112,0.8111051772510326,0.81675866053326,50
sc_high_workload,pto,completion_rate,1.0,1.0,1.0,50
sc_high_workload,pto,acceptance_rate,0.826024631579094,0.8231683215098579,0.8293369869947781,50
sc_high_workload,pto,gate_utilization,0.9429805253623188,0.9409126396437197,0.9451960975241546,50
sc_high_workload,pto,yard_utilization,0.7609885076317715,0.7530614385187968,0.7683876390334761,50
sc_high_workload,pto,yard_resource_hours_per_truck,0.23031411580737096,0.2280952804331442,0.2329066101608394,50
sc_high_workload,pto,mean_composite_cost,0.3063205282733098,0.3009855644425432,0.31241775027577834,50
sc_high_workload,pto,mean_quota,21.14,21.06,21.24,50
sc_high_workload,pto,mean_yard_capacity,9.22,9.1,9.340499999999999,50
sc_high_workload,pto,unstable,0.0,0.0,0.0,50
sc_high_workload,pto,queue_tail_slope,-0.001875039116135027,-0.003549019335485916,-0.00011074740462332999,50
sc_high_workload,pto,terminal_system,0.0,0.0,0.0,50
sc_high_workload,pto,uncompleted_at_drain_limit,0.0,0.0,0.0,50
sc_high_workload,pto,drain_truncated,0.0,0.0,0.0,50
sc_high_workload,pto,drain_minutes,25.7,23.898999999999997,27.540499999999998,50
sc_high_workload,pto,first_queue_threshold_period,39.44,12.48,73.14,50
sc_high_workload,pto,mean_net_queue_drift,-0.007916666666666669,-0.014222373188405796,-0.0028079710144927545,50
sc_high_workload,pto,tail_net_queue_drift,-0.0061818181818181816,-0.012454545454545454,0.00109090909090909,50
sc_high_workload,pto,service_floor_binding_rate,0.5797644927536232,0.5660285326086957,0.594080615942029,50
sc_high_workload,pto,projection_binding_rate,0.22,0.12,0.34,50
sc_high_workload,pto_adaptive_slow,mean_gate_wait,4.710172648052586,4.417271670954613,5.062305122935689,50
sc_high_workload,pto_adaptive_slow,mean_yard_wait,0.31438611626257207,0.305505095460925,0.3233311898438275,50
sc_high_workload,pto_adaptive_slow,mean_total_wait,5.024558764315157,4.745079804792701,5.379164209347573,50
sc_high_workload,pto_adaptive_slow,p95_total_wait,14.899496404492734,13.218053344932157,17.37056734061541,50
sc_high_workload,pto_adaptive_slow,mean_turnaround,21.020646160331275,20.741069548967822,21.378029954369534,50
sc_high_workload,pto_adaptive_slow,mean_gate_queue,3.4202693236714974,3.218023867753623,3.6728161080917876,50
sc_high_workload,pto_adaptive_slow,mean_yard_queue,0.14367270531400966,0.13875176630434785,0.14871923309178744,50
sc_high_workload,pto_adaptive_slow,p95_yard_queue,0.675466666666666,0.6503283333333327,0.7014408333333322,50
sc_high_workload,pto_adaptive_slow,throughput_rate,0.8161830951991608,0.8152820307926878,0.8170956637672653,50
sc_high_workload,pto_adaptive_slow,completion_rate,1.0,1.0,1.0,50
sc_high_workload,pto_adaptive_slow,acceptance_rate,0.8285659632201967,0.8276631114949478,0.8294136622536433,50
sc_high_workload,pto_adaptive_slow,gate_utilization,0.9447095410628019,0.9433843334842995,0.9460792949879226,50
sc_high_workload,pto_adaptive_slow,yard_utilization,0.7541610934156793,0.7519472293482078,0.7565216996381597,50
sc_high_workload,pto_adaptive_slow,yard_resource_hours_per_truck,0.23209516776585162,0.23144447001503246,0.2326539927628836,50
sc_high_workload,pto_adaptive_slow,mean_composite_cost,0.3095485568363944,0.30606829193931295,0.3134743964219499,50
sc_high_workload,pto_adaptive_slow,mean_quota,21.23391304347826,21.19478260869565,21.271304347826085,50
sc_high_workload,pto_adaptive_slow,mean_yard_capacity,9.316521739130435,9.28,9.349565217391303,50
sc_high_workload,pto_adaptive_slow,unstable,0.02,0.0,0.06,50
sc_high_workload,pto_adaptive_slow,queue_tail_slope,-0.002164133744311042,-0.004490600416237023,0.0002673320448018077,50
sc_high_workload,pto_adaptive_slow,terminal_system,0.0,0.0,0.0,50
sc_high_workload,pto_adaptive_slow,uncompleted_at_drain_limit,0.0,0.0,0.0,50
sc_high_workload,pto_adaptive_slow,drain_truncated,0.0,0.0,0.0,50
sc_high_workload,pto_adaptive_slow,drain_minutes,25.82,24.2,27.720999999999997,50
sc_high_workload,pto_adaptive_slow,first_queue_threshold_period,39.44,12.48,73.14,50
sc_high_workload,pto_adaptive_slow,mean_net_queue_drift,-0.007717391304347827,-0.014221920289855073,-0.0025720108695652176,50
sc_high_workload,pto_adaptive_slow,tail_net_queue_drift,-0.00809090909090909,-0.01436590909090909,-0.0014500000000000038,50
sc_high_workload,pto_adaptive_slow,service_floor_binding_rate,0.5654347826086957,0.5610498188405797,0.5703460144927536,50
sc_high_workload,pto_adaptive_slow,projection_binding_rate,0.3165217391304348,0.2817391304347826,0.34871739130434787,50
sc_high_workload,pto_adaptive_fast,mean_gate_wait,5.01434450446109,4.762325627756113,5.31764253403609,50
sc_high_workload,pto_adaptive_fast,mean_yard_wait,0.2758170431410565,0.27017517047979067,0.2811680060114781,50
sc_high_workload,pto_adaptive_fast,mean_total_wait,5.290161547602147,5.040914699216033,5.597939795640029,50
sc_high_workload,pto_adaptive_fast,p95_total_wait,15.260016514884942,14.221678523975095,16.599437595169505,50
sc_high_workload,pto_adaptive_fast,mean_turnaround,21.28698425350111,21.02134433315996,21.592457754533488,50
sc_high_workload,pto_adaptive_fast,mean_gate_queue,3.6293043478260865,3.437147388285024,3.8288417421497583,50
sc_high_workload,pto_adaptive_fast,mean_yard_queue,0.11929951690821257,0.11631564009661836,0.12208396739130434,50
sc_high_workload,pto_adaptive_fast,p95_yard_queue,0.584399999999999,0.5687924999999991,0.5999999999999988,50
sc_high_workload,pto_adaptive_fast,throughput_rate,0.8168632106084943,0.8160658910892132,0.8176475356379743,50
sc_high_workload,pto_adaptive_fast,completion_rate,1.0,1.0,1.0,50
sc_high_workload,pto_adaptive_fast,acceptance_rate,0.8292511469780911,0.8286876301913527,0.8298432957725331,50
sc_high_workload,pto_adaptive_fast,gate_utilization,0.9451130736714975,0.9437448369565219,0.9464827521135266,50
sc_high_workload,pto_adaptive_fast,yard_utilization,0.7430262319945473,0.7418790516109511,0.744264579478144,50
sc_high_workload,pto_adaptive_fast,yard_resource_hours_per_truck,0.23560020440191332,0.23529559422322874,0.23591266450087595,50
sc_high_workload,pto_adaptive_fast,mean_composite_cost,0.3154189632602088,0.31203080643145764,0.3191840277480397,50
sc_high_workload,pto_adaptive_fast,mean_quota,21.269891304347826,21.236521739130435,21.306755434782612,50
sc_high_workload,pto_adaptive_fast,mean_yard_capacity,9.46391304347826,9.443804347826086,9.484565217391303,50
sc_high_workload,pto_adaptive_fast,unstable,0.02,0.0,0.06,50
sc_high_workload,pto_adaptive_fast,queue_tail_slope,-0.00267792422458017,-0.005956013967230753,0.0005771697668433974,50
sc_high_workload,pto_adaptive_fast,terminal_system,0.0,0.0,0.0,50
sc_high_workload,pto_adaptive_fast,uncompleted_at_drain_limit,0.0,0.0,0.0,50
sc_high_workload,pto_adaptive_fast,drain_truncated,0.0,0.0,0.0,50
sc_high_workload,pto_adaptive_fast,drain_minutes,25.88,24.04,27.801,50
sc_high_workload,pto_adaptive_fast,first_queue_threshold_period,39.44,12.48,73.14,50
sc_high_workload,pto_adaptive_fast,mean_net_queue_drift,-0.010579710144927536,-0.016703351449275365,-0.00467164855072464,50
sc_high_workload,pto_adaptive_fast,tail_net_queue_drift,-0.009818181818181818,-0.016729545454545455,-0.0025431818181818194,50
sc_high_workload,pto_adaptive_fast,service_floor_binding_rate,0.5667210144927536,0.5631512681159421,0.5707065217391304,50
sc_high_workload,pto_adaptive_fast,projection_binding_rate,0.46391304347826084,0.44499456521739134,0.4847880434782609,50
sc_high_workload,online_fast_only,mean_gate_wait,12.618320852483757,12.216290577504944,13.065500092402768,50
sc_high_workload,online_fast_only,mean_yard_wait,0.8740950779556402,0.8609822072029913,0.8874454447499726,50
sc_high_workload,online_fast_only,mean_total_wait,13.492415930439398,13.076473465012734,13.932088265058884,50
sc_high_workload,online_fast_only,p95_total_wait,41.50977488690149,39.914625784286756,43.18095462007452,50
sc_high_workload,online_fast_only,mean_turnaround,29.49038569486069,29.08604196834425,29.948332789901727,50
sc_high_workload,online_fast_only,mean_gate_queue,9.143937801932367,8.841865881642514,9.4628626660628,50
sc_high_workload,online_fast_only,mean_yard_queue,0.5802868357487924,0.5716501962560385,0.5888246376811594,50
sc_high_workload,online_fast_only,p95_yard_queue,2.2013999999999982,2.159664166666665,2.2459366666666654,50
sc_high_workload,online_fast_only,throughput_rate,0.8582162266229004,0.8572177335377686,0.8591913159172152,50
sc_high_workload,online_fast_only,completion_rate,1.0,1.0,1.0,50
sc_high_workload,online_fast_only,acceptance_rate,0.8722749573437463,0.8714676898527445,0.8732434310818221,50
sc_high_workload,online_fast_only,gate_utilization,0.975022041062802,0.9741925611413043,0.9758593485809178,50
sc_high_workload,online_fast_only,yard_utilization,0.8732284368944699,0.8721590488664532,0.8742807479026785,50
sc_high_workload,online_fast_only,yard_resource_hours_per_truck,0.20040177243015922,0.20024304239703314,0.20055611029798057,50
sc_high_workload,online_fast_only,mean_composite_cost,0.38122144915672374,0.3754880175619893,0.3870683436890103,50
sc_high_workload,online_fast_only,mean_quota,22.8655615942029,22.849183876811598,22.87930661231884,50
sc_high_workload,online_fast_only,mean_yard_capacity,8.463858695652174,8.45563134057971,8.471776268115942,50
sc_high_workload,online_fast_only,unstable,0.34,0.22,0.48,50
sc_high_workload,online_fast_only,queue_tail_slope,-0.00037240401285531464,-0.013090917937823722,0.011601009318374296,50
sc_high_workload,online_fast_only,terminal_system,0.0,0.0,0.0,50
sc_high_workload,online_fast_only,uncompleted_at_drain_limit,0.0,0.0,0.0,50
sc_high_workload,online_fast_only,drain_truncated,0.0,0.0,0.0,50
sc_high_workload,online_fast_only,drain_minutes,27.26,25.279500000000002,29.000999999999998,50
sc_high_workload,online_fast_only,first_queue_threshold_period,594.68,524.62,670.7105,50
sc_high_workload,online_fast_only,mean_net_queue_drift,-0.0006702898550724638,-0.002663949275362319,0.0009968297101449273,50
sc_high_workload,online_fast_only,tail_net_queue_drift,-0.03318181818181818,-0.04363636363636363,-0.02336363636363636,50
sc_high_workload,online_fast_only,service_floor_binding_rate,0.4967210144927536,0.4890027173913043,0.5049461050724638,50
sc_high_workload,online_fast_only,projection_binding_rate,0.0010507246376811595,0.0006340579710144928,0.001558423913043478,50
sc_high_workload,online_joint,mean_gate_wait,18.86959599478793,16.904734036962637,21.072784056453933,50
sc_high_workload,online_joint,mean_yard_wait,1.5252735134879716,1.2788873444375073,1.7994144791994418,50
sc_high_workload,online_joint,mean_total_wait,20.394869508275903,18.4535560235096,22.426528899681948,50
sc_high_workload,online_joint,p95_total_wait,52.09616674529544,48.506927146329204,55.96701634699186,50
sc_high_workload,online_joint,mean_turnaround,36.39238475261729,34.45711588658005,38.59115318915083,50
sc_high_workload,online_joint,mean_gate_queue,13.773786835748794,12.223768961352658,15.47435744263285,50
sc_high_workload,online_joint,mean_yard_queue,1.0583937198067632,0.8819340277777777,1.2644685839371979,50
sc_high_workload,online_joint,p95_yard_queue,3.5758999999999976,3.0741308333333315,4.137424166666664,50
sc_high_workload,online_joint,throughput_rate,0.8701806843390668,0.8664330593114417,0.8740556356059797,50
sc_high_workload,online_joint,completion_rate,1.0,1.0,1.0,50
sc_high_workload,online_joint,acceptance_rate,0.8847406660815759,0.8807308116418511,0.8887527770944089,50
sc_high_workload,online_joint,gate_utilization,0.983395229468599,0.9810339296497584,0.9857223807367151,50
sc_high_workload,online_joint,yard_utilization,0.8979784621208879,0.8867503851591522,0.9082326458744635,50
sc_high_workload,online_joint,yard_resource_hours_per_truck,0.19524541004919485,0.19269864317873925,0.19764554785450444,50
sc_high_workload,online_joint,mean_composite_cost,0.4634450612941222,0.4374846629370065,0.4897217810413331,50
sc_high_workload,online_joint,mean_quota,23.490706521739124,23.31684239130435,23.67161231884058,50
sc_high_workload,online_joint,mean_yard_capacity,8.362010869565218,8.253393115942028,8.471953351449274,50
sc_high_workload,online_joint,unstable,0.4,0.26,0.54,50
sc_high_workload,online_joint,queue_tail_slope,0.0005849245570437315,-0.01621846687290696,0.01587816833180242,50
sc_high_workload,online_joint,terminal_system,0.0,0.0,0.0,50
sc_high_workload,online_joint,uncompleted_at_drain_limit,0.0,0.0,0.0,50
sc_high_workload,online_joint,drain_truncated,0.0,0.0,0.0,50
sc_high_workload,online_joint,drain_minutes,32.86,30.0195,35.9405,50
sc_high_workload,online_joint,first_queue_threshold_period,529.58,485.875,582.199,50
sc_high_workload,online_joint,mean_net_queue_drift,0.0013043478260869568,-0.0016123188405797102,0.0038962862318840576,50
sc_high_workload,online_joint,tail_net_queue_drift,-0.04372727272727272,-0.05800000000000001,-0.03127272727272727,50
sc_high_workload,online_joint,service_floor_binding_rate,0.4232065217391305,0.3943641304347827,0.4535172101449276,50
sc_high_workload,online_joint,projection_binding_rate,0.00789855072463768,0.0023731884057971013,0.01545289855072464,50
sc_peak_workload,fixed,mean_gate_wait,350.9712239490216,323.0195705870764,382.6150129703012,50
sc_peak_workload,fixed,mean_yard_wait,4.608152039452298,4.4380006176624756,4.782307293886421,50
sc_peak_workload,fixed,mean_total_wait,355.5793759884738,323.1599259353398,387.78318572057924,50
sc_peak_workload,fixed,p95_total_wait,553.086101669739,507.50818195193017,594.9257335050557,50
sc_peak_workload,fixed,mean_turnaround,371.57834048759105,340.3335688543243,403.23490596281545,50
sc_peak_workload,fixed,mean_gate_queue,255.65104287439615,231.3746018870773,280.52032584541064,50
sc_peak_workload,fixed,mean_yard_queue,3.408635265700483,3.2776759661835753,3.531653125,50
sc_peak_workload,fixed,p95_yard_queue,11.54229999999999,11.008047499999993,12.100599999999995,50
sc_peak_workload,fixed,throughput_rate,0.8982779614747761,0.8973029073642503,0.8993419695795115,50
sc_peak_workload,fixed,completion_rate,1.0,1.0,1.0,50
sc_peak_workload,fixed,acceptance_rate,0.9143141322815771,0.9131775772577311,0.9153892670102425,50
sc_peak_workload,fixed,gate_utilization,0.9999464070048308,0.9998803781702896,0.9999972826086957,50
sc_peak_workload,fixed,yard_utilization,0.962024486103885,0.961127672551744,0.9629364603183996,50
sc_peak_workload,fixed,yard_resource_hours_per_truck,0.17970449439549072,0.17951504474667154,0.17989469558866245,50
sc_peak_workload,fixed,mean_composite_cost,4.176636587247575,3.8096142766417467,4.540689134533752,50
sc_peak_workload,fixed,mean_quota,25.0,25.0,25.0,50
sc_peak_workload,fixed,mean_yard_capacity,8.0,8.0,8.0,50
sc_peak_workload,fixed,unstable,0.92,0.84,0.98,50
sc_peak_workload,fixed,queue_tail_slope,0.31606416849333674,0.2517096574872868,0.3814851569059447,50
sc_peak_workload,fixed,terminal_system,0.0,0.0,0.0,50
sc_peak_workload,fixed,uncompleted_at_drain_limit,0.0,0.0,0.0,50
sc_peak_workload,fixed,drain_truncated,0.0,0.0,0.0,50
sc_peak_workload,fixed,drain_minutes,571.04,523.1215,614.87,50
sc_peak_workload,fixed,first_queue_threshold_period,337.62,336.2,339.2405,50
sc_peak_workload,fixed,mean_net_queue_drift,0.2678623188405797,0.24101358695652172,0.2959633152173913,50
sc_peak_workload,fixed,tail_net_queue_drift,0.25727272727272726,0.2019931818181818,0.3108454545454546,50
sc_peak_workload,fixed,service_floor_binding_rate,0.12340579710144929,0.11867753623188408,0.12795652173913044,50
sc_peak_workload,fixed,projection_binding_rate,0.0,0.0,0.0,50
sc_peak_workload,pto,mean_gate_wait,5.824865993013718,5.121344257244929,6.616603674631242,50
sc_peak_workload,pto,mean_yard_wait,0.2722701518480501,0.23891045974614455,0.304324238842333,50
sc_peak_workload,pto,mean_total_wait,6.097136144861768,5.412807758758102,6.826404872790683,50
sc_peak_workload,pto,p95_total_wait,18.55956211647414,14.922929694696753,23.225005684498434,50
sc_peak_workload,pto,mean_turnaround,22.09867701385253,21.39677452431683,22.897207738134046,50
sc_peak_workload,pto,mean_gate_queue,4.252025966183575,3.758562756642512,4.806595878623188,50
sc_peak_workload,pto,mean_yard_queue,0.12314371980676327,0.10303496376811594,0.14287160326086956,50
sc_peak_workload,pto,p95_yard_queue,0.570499999999999,0.489559166666666,0.6446016666666657,50
sc_peak_workload,pto,throughput_rate,0.818653028703158,0.8147342244182665,0.822234184150806,50
sc_peak_workload,pto,completion_rate,1.0,1.0,1.0,50
sc_peak_workload,pto,acceptance_rate,0.8313162303148431,0.8273826079844028,0.8354122264088165,50
sc_peak_workload,pto,gate_utilization,0.951087711352657,0.9482028985507246,0.9539913345410628,50
sc_peak_workload,pto,yard_utilization,0.7489684425627736,0.7411241240657737,0.7567936540470226,50
sc_peak_workload,pto,yard_resource_hours_per_truck,0.2343221379164807,0.23183629213966947,0.23708242145863295,50
sc_peak_workload,pto,mean_composite_cost,0.3251058668999373,0.3164700978670478,0.33448272082017977,50
sc_peak_workload,pto,mean_quota,21.44,21.3195,21.58,50
sc_peak_workload,pto,mean_yard_capacity,9.5,9.3795,9.64,50
sc_peak_workload,pto,unstable,0.0,0.0,0.0,50
sc_peak_workload,pto,queue_tail_slope,-0.0007666168910327056,-0.0019152274558640631,0.0005131381001485559,50
sc_peak_workload,pto,terminal_system,0.0,0.0,0.0,50
sc_peak_workload,pto,uncompleted_at_drain_limit,0.0,0.0,0.0,50
sc_peak_workload,pto,drain_truncated,0.0,0.0,0.0,50
sc_peak_workload,pto,drain_minutes,24.76,23.2195,26.3205,50
sc_peak_workload,pto,first_queue_threshold_period,100.48,59.66,147.661,50
sc_peak_workload,pto,mean_net_queue_drift,-0.021612318840579712,-0.03112545289855072,-0.014074275362318842,50
sc_peak_workload,pto,tail_net_queue_drift,-0.010636363636363637,-0.016093181818181816,-0.0045431818181818195,50
sc_peak_workload,pto,service_floor_binding_rate,0.5600905797101449,0.5396526268115942,0.5798922101449275,50
sc_peak_workload,pto,projection_binding_rate,0.5,0.36,0.64,50
sc_peak_workload,pto_adaptive_slow,mean_gate_wait,5.661433777909536,5.140380950521022,6.321534749976989,50
sc_peak_workload,pto_adaptive_slow,mean_yard_wait,0.2904104219300275,0.28006405159169706,0.29989785606932834,50
sc_peak_workload,pto_adaptive_slow,mean_total_wait,5.951844199839563,5.457536866446865,6.5855180113907075,50
sc_peak_workload,pto_adaptive_slow,p95_total_wait,18.320245461343553,14.964640008481307,22.99537425588642,50
sc_peak_workload,pto_adaptive_slow,mean_turnaround,21.95330343589827,21.422550672436774,22.576877979343802,50
sc_peak_workload,pto_adaptive_slow,mean_gate_queue,4.110885265700483,3.7300538647342996,4.580729649758455,50
sc_peak_workload,pto_adaptive_slow,mean_yard_queue,0.13430797101449274,0.12888583937198067,0.14010051328502418,50
sc_peak_workload,pto_adaptive_slow,p95_yard_queue,0.644399999999999,0.6206974999999992,0.6709341666666652,50
sc_peak_workload,pto_adaptive_slow,throughput_rate,0.8166154877575028,0.815803592193751,0.8174398561325665,50
sc_peak_workload,pto_adaptive_slow,completion_rate,1.0,1.0,1.0,50
sc_peak_workload,pto_adaptive_slow,acceptance_rate,0.8292063261918251,0.8283346868685215,0.8301071719255899,50
sc_peak_workload,pto_adaptive_slow,gate_utilization,0.9495775966183575,0.948294870923913,0.9508191500603864,50
sc_peak_workload,pto_adaptive_slow,yard_utilization,0.7530827394731991,0.7511656550968101,0.7549284156027641,50
sc_peak_workload,pto_adaptive_slow,yard_resource_hours_per_truck,0.23268852220318015,0.23212603473200527,0.2332325792635946,50
sc_peak_workload,pto_adaptive_slow,mean_composite_cost,0.3220805533203633,0.3157993006371838,0.3299694424598225,50
sc_peak_workload,pto_adaptive_slow,mean_quota,21.369565217391305,21.33476086956522,21.406086956521737,50
sc_peak_workload,pto_adaptive_slow,mean_yard_capacity,9.40695652173913,9.368695652173914,9.445239130434784,50
sc_peak_workload,pto_adaptive_slow,unstable,0.0,0.0,0.0,50
sc_peak_workload,pto_adaptive_slow,queue_tail_slope,-0.0015716406612458407,-0.0035690791695546184,0.0003337346376427577,50
sc_peak_workload,pto_adaptive_slow,terminal_system,0.0,0.0,0.0,50
sc_peak_workload,pto_adaptive_slow,uncompleted_at_drain_limit,0.0,0.0,0.0,50
sc_peak_workload,pto_adaptive_slow,drain_truncated,0.0,0.0,0.0,50
sc_peak_workload,pto_adaptive_slow,drain_minutes,25.1,23.44,26.8405,50
sc_peak_workload,pto_adaptive_slow,first_queue_threshold_period,87.0,46.26,127.78,50
sc_peak_workload,pto_adaptive_slow,mean_net_queue_drift,-0.02088768115942029,-0.029893115942028987,-0.012859601449275363,50
sc_peak_workload,pto_adaptive_slow,tail_net_queue_drift,-0.0071818181818181824,-0.013363636363636364,-0.001,50
sc_peak_workload,pto_adaptive_slow,service_floor_binding_rate,0.568822463768116,0.5639827898550726,0.573570652173913,50
sc_peak_workload,pto_adaptive_slow,projection_binding_rate,0.40695652173913044,0.3704130434782608,0.4417391304347826,50
sc_peak_workload,pto_adaptive_fast,mean_gate_wait,5.893813950427452,5.375838383594157,6.522976625301211,50
sc_peak_workload,pto_adaptive_fast,mean_yard_wait,0.25808497987862766,0.2516354920335322,0.2644983758479641,50
sc_peak_workload,pto_adaptive_fast,mean_total_wait,6.1518989303060785,5.660008603470731,6.753409881330498,50
sc_peak_workload,pto_adaptive_fast,p95_total_wait,19.259705427999542,16.14069852805982,23.46057449001747,50
sc_peak_workload,pto_adaptive_fast,mean_turnaround,22.15405905568268,21.63993454960655,22.73458780983188,50
sc_peak_workload,pto_adaptive_fast,mean_gate_queue,4.272373188405797,3.9303675724637683,4.73122518115942,50
sc_peak_workload,pto_adaptive_fast,mean_yard_queue,0.11372403381642511,0.1104126358695652,0.11724720712560385,50
sc_peak_workload,pto_adaptive_fast,p95_yard_queue,0.5590999999999995,0.5409933333333325,0.5770024999999994,50
sc_peak_workload,pto_adaptive_fast,throughput_rate,0.8173749138414597,0.816791480791399,0.8180432540107354,50
sc_peak_workload,pto_adaptive_fast,completion_rate,1.0,1.0,1.0,50
sc_peak_workload,pto_adaptive_fast,acceptance_rate,0.8300356889479781,0.8294504172038827,0.8306100448825766,50
sc_peak_workload,pto_adaptive_fast,gate_utilization,0.9499987922705314,0.9487754151570048,0.9512436065821255,50
sc_peak_workload,pto_adaptive_fast,yard_utilization,0.7435691875309679,0.7422244092725487,0.7448909800091451,50
sc_peak_workload,pto_adaptive_fast,yard_resource_hours_per_truck,0.23565794248569044,0.23535271192468984,0.2359917803891155,50
sc_peak_workload,pto_adaptive_fast,mean_composite_cost,0.3267053782318559,0.32071864179082404,0.33362434834368915,50
sc_peak_workload,pto_adaptive_fast,mean_quota,21.40934782608696,21.37445652173913,21.44402989130435,50
sc_peak_workload,pto_adaptive_fast,mean_yard_capacity,9.534673913043477,9.510866847826087,9.557505434782607,50
sc_peak_workload,pto_adaptive_fast,unstable,0.0,0.0,0.0,50
sc_peak_workload,pto_adaptive_fast,queue_tail_slope,-0.00280888560807983,-0.00520926483266937,-0.00041884502685068866,50
sc_peak_workload,pto_adaptive_fast,terminal_system,0.0,0.0,0.0,50
sc_peak_workload,pto_adaptive_fast,uncompleted_at_drain_limit,0.0,0.0,0.0,50
sc_peak_workload,pto_adaptive_fast,drain_truncated,0.0,0.0,0.0,50
sc_peak_workload,pto_adaptive_fast,drain_minutes,24.94,23.439500000000002,26.4605,50
sc_peak_workload,pto_adaptive_fast,first_queue_threshold_period,89.8,46.3,137.15799999999993,50
sc_peak_workload,pto_adaptive_fast,mean_net_queue_drift,-0.01994565217391304,-0.029225543478260868,-0.011376811594202901,50
sc_peak_workload,pto_adaptive_fast,tail_net_queue_drift,-0.011363636363636364,-0.018274999999999996,-0.004818181818181819,50
sc_peak_workload,pto_adaptive_fast,service_floor_binding_rate,0.5660326086956521,0.5617527173913043,0.5701299818840581,50
sc_peak_workload,pto_adaptive_fast,projection_binding_rate,0.5347826086956521,0.5105407608695652,0.5598994565217391,50
sc_peak_workload,online_fast_only,mean_gate_wait,13.213484664460942,12.76016244041361,13.692110482962258,50
sc_peak_workload,online_fast_only,mean_yard_wait,0.8652834855281404,0.8525695659064191,0.8778424879805523,50
sc_peak_workload,online_fast_only,mean_total_wait,14.078768149989084,13.664166436410529,14.538091825250234,50
sc_peak_workload,online_fast_only,p95_total_wait,42.703862171773814,40.9150259967591,44.520712327640936,50
sc_peak_workload,online_fast_only,mean_turnaround,30.077347511246813,29.597302276213377,30.54107400602409,50
sc_peak_workload,online_fast_only,mean_gate_queue,9.593357487922706,9.275163194444445,9.913443870772946,50
sc_peak_workload,online_fast_only,mean_yard_queue,0.578542270531401,0.5696991394927536,0.5873720259661837,50
sc_peak_workload,online_fast_only,p95_yard_queue,2.185599999999998,2.1403616666666654,2.230637499999998,50
sc_peak_workload,online_fast_only,throughput_rate,0.8554446111602144,0.8545385315436469,0.8563078214089506,50
sc_peak_workload,online_fast_only,completion_rate,1.0,1.0,1.0,50
sc_peak_workload,online_fast_only,acceptance_rate,0.8696688921950053,0.868647502570647,0.8705965229519244,50
sc_peak_workload,online_fast_only,gate_utilization,0.9771767814009664,0.9764155910326087,0.9778992753623189,50
sc_peak_workload,online_fast_only,yard_utilization,0.8745672211033039,0.8736127919818297,0.8755095306230222,50
sc_peak_workload,online_fast_only,yard_resource_hours_per_truck,0.20010216972279754,0.19994505339726418,0.200249331040437,50
sc_peak_workload,online_fast_only,mean_composite_cost,0.390671210028649,0.38437780282500894,0.39677250409462994,50
sc_peak_workload,online_fast_only,mean_quota,22.87327898550725,22.85949275362319,22.887682971014492,50
sc_peak_workload,online_fast_only,mean_yard_capacity,8.479710144927536,8.471755887681159,8.487935688405797,50
sc_peak_workload,online_fast_only,unstable,0.24,0.12,0.36,50
sc_peak_workload,online_fast_only,queue_tail_slope,-0.00987296056079302,-0.023292202036480927,0.0031631803061294844,50
sc_peak_workload,online_fast_only,terminal_system,0.0,0.0,0.0,50
sc_peak_workload,online_fast_only,uncompleted_at_drain_limit,0.0,0.0,0.0,50
sc_peak_workload,online_fast_only,drain_truncated,0.0,0.0,0.0,50
sc_peak_workload,online_fast_only,drain_minutes,27.22,25.72,28.88,50
sc_peak_workload,online_fast_only,first_queue_threshold_period,533.38,460.324,612.604,50
sc_peak_workload,online_fast_only,mean_net_queue_drift,0.0006702898550724637,-0.0007608695652173914,0.002047554347826086,50
sc_peak_workload,online_fast_only,tail_net_queue_drift,-0.03481818181818182,-0.047911363636363634,-0.02254318181818182,50
sc_peak_workload,online_fast_only,service_floor_binding_rate,0.5194384057971014,0.5107921195652174,0.5280439311594204,50
sc_peak_workload,online_fast_only,projection_binding_rate,0.0010507246376811595,0.0006702898550724637,0.001485960144927536,50
sc_peak_workload,online_joint,mean_gate_wait,20.654193824896666,18.538725917335366,22.64204132650162,50
sc_peak_workload,online_joint,mean_yard_wait,1.830137685624615,1.4425033902626605,2.2539697499958145,50
sc_peak_workload,online_joint,mean_total_wait,22.484331510521272,20.553226412391027,24.352742149435752,50
sc_peak_workload,online_joint,p95_total_wait,53.90430202334032,50.89234431704207,57.13287067798779,50
sc_peak_workload,online_joint,mean_turnaround,38.48342891966346,36.55621435793541,40.556668944608134,50
sc_peak_workload,online_joint,mean_gate_queue,15.096059782608695,13.59695982789855,16.762645893719807,50
sc_peak_workload,online_joint,mean_yard_queue,1.2839619565217393,1.007073777173913,1.5595115187198068,50
sc_peak_workload,online_joint,p95_yard_queue,4.066433333333331,3.420369999999997,4.77049583333333,50
sc_peak_workload,online_joint,throughput_rate,0.8675757932791339,0.8634450680048067,0.8716830947846862,50
sc_peak_workload,online_joint,completion_rate,1.0,1.0,1.0,50
sc_peak_workload,online_joint,acceptance_rate,0.882339053337642,0.877189151077882,0.8866971012430834,50
sc_peak_workload,online_joint,gate_utilization,0.9855960144927536,0.9828344051932367,0.9882192217693236,50
sc_peak_workload,online_joint,yard_utilization,0.9061999916599777,0.892961299544662,0.9187283222366226,50
sc_peak_workload,online_joint,yard_resource_hours_per_truck,0.19357129282852534,0.19089180983436646,0.19610215925069016,50
sc_peak_workload,online_joint,mean_composite_cost,0.49164676264714285,0.4656177120452957,0.5183866619783731,50
sc_peak_workload,online_joint,mean_quota,23.502409420289855,23.325461050724638,23.677491394927532,50
sc_peak_workload,online_joint,mean_yard_capacity,8.319728260869566,8.200522192028986,8.431283061594204,50
sc_peak_workload,online_joint,unstable,0.3,0.18,0.44,50
sc_peak_workload,online_joint,queue_tail_slope,-0.009598339184318341,-0.02744925380689695,0.006991655462453106,50
sc_peak_workload,online_joint,terminal_system,0.0,0.0,0.0,50
sc_peak_workload,online_joint,uncompleted_at_drain_limit,0.0,0.0,0.0,50
sc_peak_workload,online_joint,drain_truncated,0.0,0.0,0.0,50
sc_peak_workload,online_joint,drain_minutes,33.3,30.14,36.5215,50
sc_peak_workload,online_joint,first_queue_threshold_period,504.56,455.517,562.779,50
sc_peak_workload,online_joint,mean_net_queue_drift,0.0025362318840579713,0.00023505434782608692,0.004873641304347826,50
sc_peak_workload,online_joint,tail_net_queue_drift,-0.05072727272727273,-0.06774318181818181,-0.03517954545454545,50
sc_peak_workload,online_joint,service_floor_binding_rate,0.44163043478260877,0.4090203804347826,0.4788953804347826,50
sc_peak_workload,online_joint,projection_binding_rate,0.01144927536231884,0.0038577898550724637,0.020529438405797094,50
