scenario,fidelity_level,fidelity_label,quota,yard_capacity,model_mean_composite_cost,model_samples,selected
public_peak_workload,high_fidelity,高保真模型,12,6,0.36780397387603353,4,False
public_peak_workload,high_fidelity,高保真模型,12,7,0.3841897302166133,4,False
public_peak_workload,high_fidelity,高保真模型,12,8,0.4034116505064684,4,False
public_peak_workload,high_fidelity,高保真模型,12,9,0.4232183760499466,4,False
public_peak_workload,high_fidelity,高保真模型,12,10,0.4431738787673379,4,False
public_peak_workload,high_fidelity,高保真模型,13,6,0.35005235756860154,4,False
public_peak_workload,high_fidelity,高保真模型,13,7,0.36486157405410885,4,False
public_peak_workload,high_fidelity,高保真模型,13,8,0.3835977606483117,4,False
public_peak_workload,high_fidelity,高保真模型,13,9,0.40325355774976096,4,False
public_peak_workload,high_fidelity,高保真模型,13,10,0.42317622532222476,4,False
public_peak_workload,high_fidelity,高保真模型,14,6,0.33452463862739035,4,False
public_peak_workload,high_fidelity,高保真模型,14,7,0.34667477449695555,4,False
public_peak_workload,high_fidelity,高保真模型,14,8,0.3646290317433324,4,False
public_peak_workload,high_fidelity,高保真模型,14,9,0.38405101996797003,4,False
public_peak_workload,high_fidelity,高保真模型,14,10,0.4039091494969555,4,False
public_peak_workload,high_fidelity,高保真模型,15,6,0.322932187543322,4,False
public_peak_workload,high_fidelity,高保真模型,15,7,0.32982405801433645,4,False
public_peak_workload,high_fidelity,高保真模型,15,8,0.34659976000709003,4,False
public_peak_workload,high_fidelity,高保真模型,15,9,0.3656963406230321,4,False
public_peak_workload,high_fidelity,高保真模型,15,10,0.38545834243462634,4,False
public_peak_workload,high_fidelity,高保真模型,16,6,0.32075330831915694,4,False
public_peak_workload,high_fidelity,高保真模型,16,7,0.31498202208727283,4,False
public_peak_workload,high_fidelity,高保真模型,16,8,0.3298726470872729,4,False
public_peak_workload,high_fidelity,高保真模型,16,9,0.3484935710003163,4,False
public_peak_workload,high_fidelity,高保真模型,16,10,0.368119023898867,4,False
public_peak_workload,high_fidelity,高保真模型,17,6,0.36624636070731076,4,False
public_peak_workload,high_fidelity,高保真模型,17,7,0.30317978462035416,4,False
public_peak_workload,high_fidelity,高保真模型,17,8,0.31497790509136875,4,False
public_peak_workload,high_fidelity,高保真模型,17,9,0.3328632085333976,4,False
public_peak_workload,high_fidelity,高保真模型,17,10,0.35229482085223823,4,False
public_peak_workload,high_fidelity,高保真模型,18,6,6.2934643504889,4,False
public_peak_workload,high_fidelity,高保真模型,18,7,0.2961315832787552,4,False
public_peak_workload,high_fidelity,高保真模型,18,8,0.3021712119019437,4,False
public_peak_workload,high_fidelity,高保真模型,18,9,0.3190535715033929,4,False
public_peak_workload,high_fidelity,高保真模型,18,10,0.33823597639469727,4,False
public_peak_workload,high_fidelity,高保真模型,19,6,17.26463677364408,4,False
public_peak_workload,high_fidelity,高保真模型,19,7,0.29872305081799366,4,False
public_peak_workload,high_fidelity,高保真模型,19,8,0.29271648378900816,4,False
public_peak_workload,high_fidelity,高保真模型,19,9,0.30811797835422555,4,False
public_peak_workload,high_fidelity,高保真模型,19,10,0.32696308704987775,4,False
public_peak_workload,high_fidelity,高保真模型,20,6,27.553172242661198,4,False
public_peak_workload,high_fidelity,高保真模型,20,7,0.3386497109583,4,False
public_peak_workload,high_fidelity,高保真模型,20,8,0.2876720162119232,4,True
public_peak_workload,high_fidelity,高保真模型,20,9,0.300738818748155,4,False
public_peak_workload,high_fidelity,高保真模型,20,10,0.31911981965395214,4,False
public_peak_workload,high_fidelity,高保真模型,21,6,37.27827157037397,4,False
public_peak_workload,high_fidelity,高保真模型,21,7,1.7179329154826646,4,False
public_peak_workload,high_fidelity,高保真模型,21,8,0.28939566457686716,4,False
public_peak_workload,high_fidelity,高保真模型,21,9,0.2988286355913599,4,False
public_peak_workload,high_fidelity,高保真模型,21,10,0.31663264374353384,4,False
public_peak_workload,high_fidelity,高保真模型,22,6,46.06858170618715,4,False
public_peak_workload,high_fidelity,高保真模型,22,7,10.055029056730632,4,False
public_peak_workload,high_fidelity,高保真模型,22,8,0.3071564344480223,4,False
public_peak_workload,high_fidelity,高保真模型,22,9,0.3100873674190368,4,False
public_peak_workload,high_fidelity,高保真模型,22,10,0.32721950057121074,4,False
public_peak_workload,high_fidelity,高保真模型,23,6,54.05758901756028,4,False
public_peak_workload,high_fidelity,高保真模型,23,7,17.98766533096608,4,False
public_peak_workload,high_fidelity,高保真模型,23,8,0.38273994600231315,4,False
public_peak_workload,high_fidelity,高保真模型,23,9,0.3762212639370958,4,False
public_peak_workload,high_fidelity,高保真模型,23,10,0.39262151303129866,4,False
public_peak_workload,high_fidelity,高保真模型,24,6,61.333958416401906,4,False
public_peak_workload,high_fidelity,高保真模型,24,7,25.215889009699012,4,False
public_peak_workload,high_fidelity,高保真模型,24,8,0.7988637606048081,4,False
public_peak_workload,high_fidelity,高保真模型,24,9,0.7766510115106053,4,False
public_peak_workload,high_fidelity,高保真模型,24,10,0.7922604997352429,4,False
public_peak_workload,high_fidelity,高保真模型,25,6,67.62791356403581,4,False
public_peak_workload,high_fidelity,高保真模型,25,7,31.505495991572037,4,False
public_peak_workload,high_fidelity,高保真模型,25,8,4.693569700811167,4,False
public_peak_workload,high_fidelity,高保真模型,25,9,4.660435982514066,4,False
public_peak_workload,high_fidelity,高保真模型,25,10,4.675697757876385,4,False
public_peak_workload,high_fidelity,高保真模型,26,6,72.9462882089523,4,False
public_peak_workload,high_fidelity,高保真模型,26,7,36.842080894640716,4,False
public_peak_workload,high_fidelity,高保真模型,26,8,9.992152679061006,4,False
public_peak_workload,high_fidelity,高保真模型,26,9,9.95996404681463,4,False
public_peak_workload,high_fidelity,高保真模型,26,10,9.975409585763902,4,False
public_peak_workload,high_fidelity,高保真模型,27,6,77.57811503823336,4,False
public_peak_workload,high_fidelity,高保真模型,27,7,41.49631250200148,4,False
public_peak_workload,high_fidelity,高保真模型,27,8,14.480880097110175,4,False
public_peak_workload,high_fidelity,高保真模型,27,9,14.448668933160901,4,False
public_peak_workload,high_fidelity,高保真模型,27,10,14.464038498378292,4,False
public_peak_workload,high_fidelity,高保真模型,28,6,81.45657043199374,4,False
public_peak_workload,high_fidelity,高保真模型,28,7,45.300622288877804,4,False
public_peak_workload,high_fidelity,高保真模型,28,8,18.39008503797201,4,False
public_peak_workload,high_fidelity,高保真模型,28,9,18.35733107510969,4,False
public_peak_workload,high_fidelity,高保真模型,28,10,18.372654557899548,4,False
public_peak_workload,high_fidelity,高保真模型,29,6,84.55603147081106,4,False
public_peak_workload,high_fidelity,高保真模型,29,7,48.42069972262267,4,False
public_peak_workload,high_fidelity,高保真模型,29,8,21.561998182767596,4,False
public_peak_workload,high_fidelity,高保真模型,29,9,21.530857670992233,4,False
public_peak_workload,high_fidelity,高保真模型,29,10,21.54621432860093,4,False
public_peak_workload,high_fidelity,高保真模型,30,6,87.08772778652119,4,False
public_peak_workload,high_fidelity,高保真模型,30,7,50.931087274745835,4,False
public_peak_workload,high_fidelity,高保真模型,30,8,24.08760901387627,4,False
public_peak_workload,high_fidelity,高保真模型,30,9,24.055620676013955,4,False
public_peak_workload,high_fidelity,高保真模型,30,10,24.070806590869026,4,False
public_peak_workload,mild_misspecification,轻度失真,12,6,0.35358659933335584,4,False
public_peak_workload,mild_misspecification,轻度失真,12,7,0.371165743355095,4,False
public_peak_workload,mild_misspecification,轻度失真,12,8,0.3907734199855298,4,False
public_peak_workload,mild_misspecification,轻度失真,12,9,0.41067740549277615,4,False
public_peak_workload,mild_misspecification,轻度失真,12,10,0.43065691183335586,4,False
public_peak_workload,mild_misspecification,轻度失真,13,6,0.3337057290634302,4,False
public_peak_workload,mild_misspecification,轻度失真,13,7,0.3505546873967635,4,False
public_peak_workload,mild_misspecification,轻度失真,13,8,0.36993478250545914,4,False
public_peak_workload,mild_misspecification,轻度失真,13,9,0.3897741167445896,4,False
public_peak_workload,mild_misspecification,轻度失真,13,10,0.4097358468170534,4,False
public_peak_workload,mild_misspecification,轻度失真,14,6,0.31482012077789695,4,False
public_peak_workload,mild_misspecification,轻度失真,14,7,0.33064496226340423,4,False
public_peak_workload,mild_misspecification,轻度失真,14,8,0.34970349940108536,4,False
public_peak_workload,mild_misspecification,轻度失真,14,9,0.36944002566920126,4,False
public_peak_workload,mild_misspecification,轻度失真,14,10,0.3893746950532593,4,False
public_peak_workload,mild_misspecification,轻度失真,15,6,0.2975783724820117,4,False
public_peak_workload,mild_misspecification,轻度失真,15,7,0.31175964512693927,4,False
public_peak_workload,mild_misspecification,轻度失真,15,8,0.3303342601631712,4,False
public_peak_workload,mild_misspecification,轻度失真,15,9,0.3499431822646204,4,False
public_peak_workload,mild_misspecification,轻度失真,15,10,0.3698422991124465,4,False
public_peak_workload,mild_misspecification,轻度失真,16,6,0.2827243430870927,4,False
public_peak_workload,mild_misspecification,轻度失真,16,7,0.2942215124711507,4,False
public_peak_workload,mild_misspecification,轻度失真,16,8,0.3120682063117304,4,False
public_peak_workload,mild_misspecification,轻度失真,16,9,0.3314740034131797,4,False
public_peak_workload,mild_misspecification,轻度失真,16,10,0.35131413022477387,4,False
public_peak_workload,mild_misspecification,轻度失真,17,6,0.2711991746523186,4,False
public_peak_workload,mild_misspecification,轻度失真,17,7,0.27831907954362295,4,False
public_peak_workload,mild_misspecification,轻度失真,17,8,0.29514301523202874,4,False
public_peak_workload,mild_misspecification,轻度失真,17,9,0.3142784318986954,4,False
public_peak_workload,mild_misspecification,轻度失真,17,10,0.33405277519579685,4,False
public_peak_workload,mild_misspecification,轻度失真,18,6,0.26634932457858457,4,False
public_peak_workload,mild_misspecification,轻度失真,18,7,0.26472500392641063,4,False
public_peak_workload,mild_misspecification,轻度失真,18,8,0.2799694559191643,4,False
public_peak_workload,mild_misspecification,轻度失真,18,9,0.2987234187814831,4,False
public_peak_workload,mild_misspecification,轻度失真,18,10,0.31840231370901934,4,False
public_peak_workload,mild_misspecification,轻度失真,19,6,0.2786627695934174,4,False
public_peak_workload,mild_misspecification,轻度失真,19,7,0.25387042357892464,4,False
public_peak_workload,mild_misspecification,轻度失真,19,8,0.26681494350646084,4,False
public_peak_workload,mild_misspecification,轻度失真,19,9,0.28509075872385214,4,False
public_peak_workload,mild_misspecification,轻度失真,19,10,0.3046368411513884,4,False
public_peak_workload,mild_misspecification,轻度失真,20,6,0.3966402055979527,4,False
public_peak_workload,mild_misspecification,轻度失真,20,7,0.2464015280617208,4,False
public_peak_workload,mild_misspecification,轻度失真,20,8,0.2560589103080976,4,False
public_peak_workload,mild_misspecification,轻度失真,20,9,0.2736981766124454,4,False
public_peak_workload,mild_misspecification,轻度失真,20,10,0.2930895941849092,4,False
public_peak_workload,mild_misspecification,轻度失真,21,6,3.499721808269155,4,False
public_peak_workload,mild_misspecification,轻度失真,21,7,0.2435583118923431,4,False
public_peak_workload,mild_misspecification,轻度失真,21,8,0.24768365156625607,4,False
public_peak_workload,mild_misspecification,轻度失真,21,9,0.26450305826915466,4,False
public_peak_workload,mild_misspecification,轻度失真,21,10,0.28372373308799526,4,False
public_peak_workload,mild_misspecification,轻度失真,22,6,10.9356274490701,4,False
public_peak_workload,mild_misspecification,轻度失真,22,7,0.24806336392517372,4,False
public_peak_workload,mild_misspecification,轻度失真,22,8,0.24205204146140566,4,False
public_peak_workload,mild_misspecification,轻度失真,22,9,0.25788967733097085,4,False
public_peak_workload,mild_misspecification,轻度失真,22,10,0.27689862207734767,4,False
public_peak_workload,mild_misspecification,轻度失真,23,6,17.826441542604908,4,False
public_peak_workload,mild_misspecification,轻度失真,23,7,0.2681493098150532,4,False
public_peak_workload,mild_misspecification,轻度失真,23,8,0.23984722648171986,4,True
public_peak_workload,mild_misspecification,轻度失真,23,9,0.25444403354693723,4,False
public_peak_workload,mild_misspecification,轻度失真,23,10,0.2732302654309952,4,False
public_peak_workload,mild_misspecification,轻度失真,24,6,23.806959666936816,4,False
public_peak_workload,mild_misspecification,轻度失真,24,7,0.32094766512522255,4,False
public_peak_workload,mild_misspecification,轻度失真,24,8,0.2424536660310196,4,False
public_peak_workload,mild_misspecification,轻度失真,24,9,0.2555066551614543,4,False
public_peak_workload,mild_misspecification,轻度失真,24,10,0.27402918686435285,4,False
public_peak_workload,mild_misspecification,轻度失真,25,6,28.847055236920898,4,False
public_peak_workload,mild_misspecification,轻度失真,25,7,0.414732093804957,4,False
public_peak_workload,mild_misspecification,轻度失真,25,8,0.2518120303991599,4,False
public_peak_workload,mild_misspecification,轻度失真,25,9,0.2631752550368411,4,False
public_peak_workload,mild_misspecification,轻度失真,25,10,0.28145582568901495,4,False
public_peak_workload,mild_misspecification,轻度失真,26,6,33.02157653154266,4,False
public_peak_workload,mild_misspecification,轻度失真,26,7,0.5999164319049813,4,False
public_peak_workload,mild_misspecification,轻度失真,26,8,0.27025848353541615,4,False
public_peak_workload,mild_misspecification,轻度失真,26,9,0.2798150958542567,4,False
public_peak_workload,mild_misspecification,轻度失真,26,10,0.2978477045499089,4,False
public_peak_workload,mild_misspecification,轻度失真,27,6,36.55459717294536,4,False
public_peak_workload,mild_misspecification,轻度失真,27,7,0.9439131829091306,4,False
public_peak_workload,mild_misspecification,轻度失真,27,8,0.2988030153366668,4,False
public_peak_workload,mild_misspecification,轻度失真,27,9,0.3066041928728987,4,False
public_peak_workload,mild_misspecification,轻度失真,27,10,0.3244959501192755,4,False
public_peak_workload,mild_misspecification,轻度失真,28,6,39.42143878103485,4,False
public_peak_workload,mild_misspecification,轻度失真,28,7,1.8673374449841331,4,False
public_peak_workload,mild_misspecification,轻度失真,28,8,0.33368130820877095,4,False
public_peak_workload,mild_misspecification,轻度失真,28,9,0.33986235440442314,4,False
public_peak_workload,mild_misspecification,轻度失真,28,10,0.35757702831746657,4,False
public_peak_workload,mild_misspecification,轻度失真,29,6,41.722999559673006,4,False
public_peak_workload,mild_misspecification,轻度失真,29,7,3.195030469999095,4,False
public_peak_workload,mild_misspecification,轻度失真,29,8,0.3688919962672105,4,False
public_peak_workload,mild_misspecification,轻度失真,29,9,0.3741225216295293,4,False
public_peak_workload,mild_misspecification,轻度失真,29,10,0.39169940115851487,4,False
public_peak_workload,mild_misspecification,轻度失真,30,6,43.57018241008777,4,False
public_peak_workload,mild_misspecification,轻度失真,30,7,4.366632704471827,4,False
public_peak_workload,mild_misspecification,轻度失真,30,8,0.40635326606602984,4,False
public_peak_workload,mild_misspecification,轻度失真,30,9,0.4105237823703777,4,False
public_peak_workload,mild_misspecification,轻度失真,30,10,0.42806307131965304,4,False
public_peak_workload,medium_misspecification,中度失真,12,6,0.3407739992241607,4,False
public_peak_workload,medium_misspecification,中度失真,12,7,0.3594082836444505,4,False
public_peak_workload,medium_misspecification,中度失真,12,8,0.379328573499523,4,False
public_peak_workload,medium_misspecification,中度失真,12,9,0.39931385429662436,4,False
public_peak_workload,medium_misspecification,中度失真,12,10,0.41931192947778384,4,False
public_peak_workload,medium_misspecification,中度失真,13,6,0.31885001976639143,4,False
public_peak_workload,medium_misspecification,中度失真,13,7,0.33730586215769576,4,False
public_peak_workload,medium_misspecification,中度失真,13,8,0.3571741819040726,4,False
public_peak_workload,medium_misspecification,中度失真,13,9,0.37714814023740584,4,False
public_peak_workload,medium_misspecification,中度失真,13,10,0.3971441773750871,4,False
public_peak_workload,medium_misspecification,中度失真,14,6,0.29763492234596894,4,False
public_peak_workload,medium_misspecification,中度失真,14,7,0.3158286497010414,4,False
public_peak_workload,medium_misspecification,中度失真,14,8,0.3356115980706066,4,False
public_peak_workload,medium_misspecification,中度失真,14,9,0.3555671007879979,4,False
public_peak_workload,medium_misspecification,中度失真,14,10,0.37556087343292544,4,False
public_peak_workload,medium_misspecification,中度失真,15,6,0.27746395018434555,4,False
public_peak_workload,medium_misspecification,中度失真,15,7,0.2953095117785485,4,False
public_peak_workload,medium_misspecification,中度失真,15,8,0.31498704801043254,4,False
public_peak_workload,medium_misspecification,中度失真,15,9,0.3349200190249253,4,False
public_peak_workload,medium_misspecification,中度失真,15,10,0.35490767753941804,4,False
public_peak_workload,medium_misspecification,中度失真,16,6,0.2586004206555725,4,False
public_peak_workload,medium_misspecification,中度失真,16,7,0.2759497186628188,4,False
public_peak_workload,medium_misspecification,中度失真,16,8,0.29547666612658696,4,False
public_peak_workload,medium_misspecification,中度失真,16,9,0.31537193333673186,4,False
public_peak_workload,medium_misspecification,中度失真,16,10,0.3353514396773116,4,False
public_peak_workload,medium_misspecification,中度失真,17,6,0.2415035351485385,4,False
public_peak_workload,medium_misspecification,中度失真,17,7,0.25816012482245154,4,False
public_peak_workload,medium_misspecification,中度失真,17,8,0.27747862572824866,4,False
public_peak_workload,medium_misspecification,中度失真,17,9,0.2973170541702776,4,False
public_peak_workload,medium_misspecification,中度失真,17,10,0.3172850115978139,4,False
public_peak_workload,medium_misspecification,中度失真,18,6,0.22623877080518742,4,False
public_peak_workload,medium_misspecification,中度失真,18,7,0.24198175087765117,4,False
public_peak_workload,medium_misspecification,中度失真,18,8,0.26103643837765117,4,False
public_peak_workload,medium_misspecification,中度失真,18,9,0.2808059130153323,4,False
public_peak_workload,medium_misspecification,中度失真,18,10,0.30075586772547724,4,False
public_peak_workload,medium_misspecification,中度失真,19,6,0.2131363454312405,4,False
public_peak_workload,medium_misspecification,中度失真,19,7,0.22772658546747238,4,False
public_peak_workload,medium_misspecification,中度失真,19,8,0.24644375032254479,4,False
public_peak_workload,medium_misspecification,中度失真,19,9,0.26612049398196513,4,False
public_peak_workload,medium_misspecification,中度失真,19,10,0.2860509740544289,4,False
public_peak_workload,medium_misspecification,中度失真,20,6,0.2022590165961952,4,False
public_peak_workload,medium_misspecification,中度失真,20,7,0.21539669775561548,4,False
public_peak_workload,medium_misspecification,中度失真,20,8,0.2337144060889488,4,False
public_peak_workload,medium_misspecification,中度失真,20,9,0.2532918517411227,4,False
public_peak_workload,medium_misspecification,中度失真,20,10,0.273197988516485,4,False
public_peak_workload,medium_misspecification,中度失真,21,6,0.19386798757999046,4,False
public_peak_workload,medium_misspecification,中度失真,21,7,0.2051128924712948,4,False
public_peak_workload,medium_misspecification,中度失真,21,8,0.222976456782889,4,False
public_peak_workload,medium_misspecification,中度失真,21,9,0.24243512979013535,4,False
public_peak_workload,medium_misspecification,中度失真,21,10,0.26230911076839625,4,False
public_peak_workload,medium_misspecification,中度失真,22,6,0.1879373191572985,4,False
public_peak_workload,medium_misspecification,中度失真,22,7,0.1965609604616463,4,False
public_peak_workload,medium_misspecification,中度失真,22,8,0.2138879532152695,4,False
public_peak_workload,medium_misspecification,中度失真,22,9,0.23322490973700857,4,False
public_peak_workload,medium_misspecification,中度失真,22,10,0.25307013165729847,4,False
public_peak_workload,medium_misspecification,中度失真,23,6,0.18475155562591086,4,False
public_peak_workload,medium_misspecification,中度失真,23,7,0.18971079475634564,4,False
public_peak_workload,medium_misspecification,中度失真,23,8,0.2064543409519978,4,False
public_peak_workload,medium_misspecification,中度失真,23,9,0.22565950399547605,4,False
public_peak_workload,medium_misspecification,中度失真,23,10,0.2454734759157659,4,False
public_peak_workload,medium_misspecification,中度失真,24,6,0.18459639228355915,4,False
public_peak_workload,medium_misspecification,中度失真,24,7,0.18457352090674756,4,False
public_peak_workload,medium_misspecification,中度失真,24,8,0.20066500641399393,4,False
public_peak_workload,medium_misspecification,中度失真,24,9,0.2197305634792113,4,False
public_peak_workload,medium_misspecification,中度失真,24,10,0.23951328539950117,4,False
public_peak_workload,medium_misspecification,中度失真,25,6,0.18788756046294658,4,False
public_peak_workload,medium_misspecification,中度失真,25,7,0.18091473437599007,4,False
public_peak_workload,medium_misspecification,中度失真,25,8,0.19632143727454077,4,False
public_peak_workload,medium_misspecification,中度失真,25,9,0.21524829415859872,4,False
public_peak_workload,medium_misspecification,中度失真,25,10,0.23499761481077266,4,False
public_peak_workload,medium_misspecification,中度失真,26,6,0.19597050853363834,4,False
public_peak_workload,medium_misspecification,中度失真,26,7,0.17865574404088472,4,False
public_peak_workload,medium_misspecification,中度失真,26,8,0.1932232259249427,4,False
public_peak_workload,medium_misspecification,中度失真,26,9,0.21201477936697166,4,False
public_peak_workload,medium_misspecification,中度失真,26,10,0.23173658643218908,4,False
public_peak_workload,medium_misspecification,中度失真,27,6,0.20902383529719523,4,False
public_peak_workload,medium_misspecification,中度失真,27,7,0.1774417474348764,4,False
public_peak_workload,medium_misspecification,中度失真,27,8,0.19105259435516622,4,False
public_peak_workload,medium_misspecification,中度失真,27,9,0.20969967315951404,4,False
public_peak_workload,medium_misspecification,中度失真,27,10,0.22939147569574594,4,False
public_peak_workload,medium_misspecification,中度失真,28,6,0.22444731856236244,4,False
public_peak_workload,medium_misspecification,中度失真,28,7,0.17725008124352185,4,True
public_peak_workload,medium_misspecification,中度失真,28,8,0.18984020805511603,4,False
public_peak_workload,medium_misspecification,中度失真,28,9,0.2083450767145363,4,False
public_peak_workload,medium_misspecification,中度失真,28,10,0.2280081201927972,4,False
public_peak_workload,medium_misspecification,中度失真,29,6,0.2404046559941963,4,False
public_peak_workload,medium_misspecification,中度失真,29,7,0.17769077465361655,4,False
public_peak_workload,medium_misspecification,中度失真,29,8,0.18935370490723974,4,False
public_peak_workload,medium_misspecification,中度失真,29,9,0.2077239494724571,4,False
public_peak_workload,medium_misspecification,中度失真,29,10,0.22735472392897887,4,False
public_peak_workload,medium_misspecification,中度失真,30,6,0.25529246959419605,4,False
public_peak_workload,medium_misspecification,中度失真,30,7,0.17846604296376128,4,False
public_peak_workload,medium_misspecification,中度失真,30,8,0.1892582757536163,4,False
public_peak_workload,medium_misspecification,中度失真,30,9,0.2075082757536163,4,False
public_peak_workload,medium_misspecification,中度失真,30,10,0.22711900944926852,4,False
public_peak_workload,severe_misspecification,严重失真,12,6,0.3356838506921077,4,False
public_peak_workload,severe_misspecification,严重失真,12,7,0.35451639145297725,4,False
public_peak_workload,severe_misspecification,严重失真,12,8,0.3745049557645715,4,False
public_peak_workload,severe_misspecification,严重失真,12,9,0.3945035970689193,4,False
public_peak_workload,severe_misspecification,严重失真,12,10,0.41450348384428165,4,False
public_peak_workload,severe_misspecification,严重失真,13,6,0.3131920478663292,4,False
public_peak_workload,severe_misspecification,严重失真,13,7,0.3319903947866191,4,False
public_peak_workload,severe_misspecification,严重失真,13,8,0.35197125982285093,4,False
public_peak_workload,severe_misspecification,严重失真,13,9,0.3719689953300973,4,False
public_peak_workload,severe_misspecification,严重失真,13,10,0.39196888210545966,4,False
public_peak_workload,severe_misspecification,严重失真,14,6,0.29155442912639246,4,False
public_peak_workload,severe_misspecification,严重失真,14,7,0.31030476880030555,4,False
public_peak_workload,severe_misspecification,严重失真,14,8,0.33027340557566787,4,False
public_peak_workload,severe_misspecification,严重失真,14,9,0.3502692162640737,4,False
public_peak_workload,severe_misspecification,严重失真,14,10,0.3702689898147982,4,False
public_peak_workload,severe_misspecification,严重失真,15,6,0.2707283075396648,4,False
public_peak_workload,severe_misspecification,严重失真,15,7,0.28940573054691116,4,False
public_peak_workload,severe_misspecification,严重失真,15,8,0.3093556852570561,4,False
public_peak_workload,severe_misspecification,严重失真,15,9,0.3293485521048822,4,False
public_peak_workload,severe_misspecification,严重失真,15,10,0.3493480992063315,4,False
public_peak_workload,severe_misspecification,严重失真,16,6,0.2510550392138067,4,False
public_peak_workload,severe_misspecification,严重失真,16,7,0.2696419957355458,4,False
public_peak_workload,severe_misspecification,严重失真,16,8,0.28956545588047333,4,False
public_peak_workload,severe_misspecification,严重失真,16,9,0.30955458631525595,4,False
public_peak_workload,severe_misspecification,严重失真,16,10,0.3295532276196038,4,False
public_peak_workload,severe_misspecification,严重失真,17,6,0.2327659420836008,4,False
public_peak_workload,severe_misspecification,严重失真,17,7,0.2512317482430211,4,False
public_peak_workload,severe_misspecification,严重失真,17,8,0.27112576998215154,4,False
public_peak_workload,severe_misspecification,严重失真,17,9,0.2911064085691081,4,False
public_peak_workload,severe_misspecification,严重失真,17,10,0.3111036911778037,4,False
public_peak_workload,severe_misspecification,严重失真,18,6,0.2160111853199763,4,False
public_peak_workload,severe_misspecification,严重失真,18,7,0.23435618079099077,4,False
public_peak_workload,severe_misspecification,严重失真,18,8,0.2542132912982371,4,False
public_peak_workload,severe_misspecification,严重失真,18,9,0.27418611738519366,4,False
public_peak_workload,severe_misspecification,严重失真,18,10,0.2941812487257734,4,False
public_peak_workload,severe_misspecification,严重失真,19,6,0.2011031727189927,4,False
public_peak_workload,severe_misspecification,严重失真,19,7,0.21927402869725354,4,False
public_peak_workload,severe_misspecification,严重失真,19,8,0.23907848974797818,4,False
public_peak_workload,severe_misspecification,严重失真,19,9,0.2590396536972535,4,False
public_peak_workload,severe_misspecification,严重失真,19,10,0.27903331311754337,4,False
public_peak_workload,severe_misspecification,严重失真,20,6,0.18788898877933632,4,False
public_peak_workload,severe_misspecification,严重失真,20,7,0.20585264367064063,4,False
public_peak_workload,severe_misspecification,严重失真,20,8,0.22560264367064065,4,False
public_peak_workload,severe_misspecification,严重失真,20,9,0.24555157935904642,4,False
public_peak_workload,severe_misspecification,严重失真,20,10,0.2655425213880319,4,False
public_peak_workload,severe_misspecification,严重失真,21,6,0.17644982748460744,4,False
public_peak_workload,severe_misspecification,严重失真,21,7,0.1941813718686654,4,False
public_peak_workload,severe_misspecification,严重失真,21,8,0.21385743618025965,4,False
public_peak_workload,severe_misspecification,严重失真,21,9,0.2337895013976509,4,False
public_peak_workload,severe_misspecification,严重失真,21,10,0.25377693346286834,4,False
public_peak_workload,severe_misspecification,严重失真,22,6,0.16688629162121058,4,False
public_peak_workload,severe_misspecification,严重失真,22,7,0.18437225176613808,4,False
public_peak_workload,severe_misspecification,严重失真,22,8,0.20396520919367433,4,False
public_peak_workload,severe_misspecification,严重失真,22,9,0.223874063360341,4,False
public_peak_workload,severe_misspecification,严重失真,22,10,0.24385662676613812,4,False
public_peak_workload,severe_misspecification,严重失真,23,6,0.15907556578745796,4,False
public_peak_workload,severe_misspecification,严重失真,23,7,0.17629114549760289,4,False
public_peak_workload,severe_misspecification,严重失真,23,8,0.19581367720050144,4,False
public_peak_workload,severe_misspecification,严重失真,23,9,0.21570543444687823,4,False
public_peak_workload,severe_misspecification,严重失真,23,10,0.23568448788890722,4,False
public_peak_workload,severe_misspecification,严重失真,24,6,0.15281288658256484,4,False
public_peak_workload,severe_misspecification,严重失真,24,7,0.1697160795173474,4,False
public_peak_workload,severe_misspecification,严重失真,24,8,0.18914871085792714,4,False
public_peak_workload,severe_misspecification,严重失真,24,9,0.20901940832169524,4,False
public_peak_workload,severe_misspecification,严重失真,24,10,0.2289948385753184,4,False
public_peak_workload,severe_misspecification,严重失真,25,6,0.14785485713612578,4,False
public_peak_workload,severe_misspecification,严重失真,25,7,0.1644983127520678,4,False
public_peak_workload,severe_misspecification,严重失真,25,8,0.18385089427380696,4,False
public_peak_workload,severe_misspecification,严重失真,25,9,0.2037008716288794,4,False
public_peak_workload,severe_misspecification,严重失真,25,10,0.22366996130279243,4,False
public_peak_workload,severe_misspecification,严重失真,26,6,0.1440642869288172,4,False
public_peak_workload,severe_misspecification,严重失真,26,7,0.16044472171142588,4,False
public_peak_workload,severe_misspecification,严重失真,26,8,0.17972755685635342,4,False
public_peak_workload,severe_misspecification,严重失真,26,9,0.199560437291136,4,False
public_peak_workload,severe_misspecification,严重失真,26,10,0.21952590377664327,4,False
public_peak_workload,severe_misspecification,严重失真,27,6,0.14135737230957995,4,False
public_peak_workload,severe_misspecification,严重失真,27,7,0.15744025274436257,4,False
public_peak_workload,severe_misspecification,严重失真,27,8,0.17665152991827557,4,False
public_peak_workload,severe_misspecification,严重失真,27,9,0.19646957792552194,4,False
public_peak_workload,severe_misspecification,严重失真,27,10,0.21643062865015966,4,False
public_peak_workload,severe_misspecification,严重失真,28,6,0.13932988938653165,4,False
public_peak_workload,severe_misspecification,严重失真,28,7,0.15512540569087946,4,False
public_peak_workload,severe_misspecification,严重失真,28,8,0.17427588123435772,4,False
public_peak_workload,severe_misspecification,严重失真,28,9,0.19408113485754613,4,False
public_peak_workload,severe_misspecification,严重失真,28,10,0.21403799627058961,4,False
public_peak_workload,severe_misspecification,严重失真,29,6,0.13794874122021214,4,False
public_peak_workload,severe_misspecification,严重失真,29,7,0.1534405890462991,4,False
public_peak_workload,severe_misspecification,严重失真,29,8,0.17252437527818315,4,False
public_peak_workload,severe_misspecification,严重失真,29,9,0.19231989158253096,4,False
public_peak_workload,severe_misspecification,严重失真,29,10,0.21227448850282082,4,False
public_peak_workload,severe_misspecification,严重失真,30,6,0.13708013365859026,4,True
public_peak_workload,severe_misspecification,严重失真,30,7,0.1523023936223584,4,False
public_peak_workload,severe_misspecification,严重失真,30,8,0.17133964452815545,4,False
public_peak_workload,severe_misspecification,严重失真,30,9,0.1911248573904743,4,False
public_peak_workload,severe_misspecification,严重失真,30,10,0.21107583112235836,4,False
